User,RecommendFundCode
9730,7259
9731,7259
9736,7259
9732,7259
9738,7259
9753,7259
9833,7259
9749,7259
9839,7259
9834,7259
9885,2756
9896,2756
10051,2756
10050,2756
10064,2756
10075,2756
10052,2756
10056,2756
10065,2756
10067,2756
9731,6856
9732,6856
9736,6856
9748,6856
9734,6856
9756,6856
9766,6856
9782,6856
9753,6856
9770,6856
7938,7155
7942,7155
8015,7155
7955,7155
9126,7155
9107,7155
9240,7155
9113,7155
9141,7155
9226,7155
665,7188
1024,7188
936,7188
1290,7188
1813,7188
996,7188
9739,7188
8510,7188
9927,7188
9752,7188
9381,7326
9667,7326
9769,7326
9758,7326
9903,7326
10027,7326
9815,7326
9882,7326
9969,7326
9999,7326
5639,3276
5641,3276
5649,3276
5642,3276
5652,3276
5700,3276
5698,3276
5686,3276
5644,3276
5738,3276
9757,6911
9765,6911
9764,6911
9821,6911
9779,6911
9825,6911
9853,6911
9845,6911
9823,6911
9843,6911
9864,4117
9898,4117
10032,4117
9953,4117
9923,4117
10051,4117
10052,4117
10056,4117
10050,4117
10047,4117
7099,7098
7105,7098
7115,7098
7107,7098
7194,7098
7314,7098
7304,7098
7301,7098
7109,7098
7362,7098
9381,7273
9552,7273
9758,7273
9667,7273
9588,7273
9903,7273
9882,7273
9769,7273
9815,7273
9680,7273
6652,7373
7314,7373
7326,7373
8356,7373
8564,7373
9669,7373
7500,7373
9664,7373
8408,7373
9671,7373
2970,6616
2971,6616
2972,6616
2974,6616
2997,6616
3026,6616
3025,6616
9752,6616
9711,6616
9739,6616
6252,6659
6302,6659
6279,6659
6331,6659
6303,6659
6525,6659
6546,6659
6545,6659
6408,6659
6529,6659
847,6992
972,6992
1619,6992
1601,6992
1603,6992
2067,6992
2163,6992
1618,6992
1652,6992
1621,6992
6666,7024
7770,7024
8886,7024
7775,7024
8884,7024
9671,7024
9696,7024
8861,7024
9090,7024
9177,7024
7099,2757
7105,2757
7115,2757
7107,2757
7109,2757
7198,2757
7301,2757
7314,2757
7124,2757
7194,2757
1871,7192
3783,7192
3724,7192
3807,7192
3814,7192
3823,7192
3725,7192
3812,7192
4248,7192
4254,7192
7099,7495
7105,7495
7107,7495
7115,7495
7124,7495
7194,7495
7198,7495
7201,7495
7301,7495
7314,7495
2067,5029
2297,5029
2347,5029
2346,5029
2428,5029
2514,5029
2538,5029
2559,5029
2431,5029
2619,5029
654,7084
663,7084
842,7084
666,7084
833,7084
1073,7084
1070,7084
824,7084
907,7084
968,7084
7194,7215
7770,7215
7776,7215
7878,7215
7775,7215
9177,7215
9200,7215
9380,7215
9671,7215
9090,7215
7745,6791
7747,6791
7771,6791
7768,6791
7769,6791
7820,6791
7827,6791
7840,6791
7778,6791
7781,6791
531,6595
539,6595
552,6595
936,6595
556,6595
3913,6595
555,6595
1290,6595
3916,6595
1306,6595
6592,4736
6594,4736
7326,4736
7201,4736
7194,4736
7770,4736
7993,4736
7360,4736
7362,4736
7314,4736
7605,7208
7610,7208
7611,7208
7626,7208
7623,7208
8623,7208
7638,7208
8631,7208
9640,7208
8636,7208
1290,7101
1299,7101
1302,7101
1304,7101
5096,7101
5223,7101
5173,7101
5226,7101
5231,7101
8510,7101
5639,7235
5641,7235
5652,7235
5642,7235
5644,7235
5700,7235
5738,7235
5686,7235
5649,7235
5698,7235
9765,6957
9779,6957
9825,6957
9821,6957
9843,6957
9891,6957
9853,6957
9845,6957
9823,6957
9935,6957
9765,7413
9769,7413
9821,7413
9827,7413
9823,7413
9837,7413
9831,7413
9869,7413
9846,7413
9843,7413
3466,7047
3810,7047
3615,7047
3815,7047
3909,7047
3772,7047
3949,7047
3915,7047
5018,7047
4445,7047
8015,7435
8130,7435
8112,7435
8148,7435
9240,7435
9107,7435
8151,7435
9226,7435
9880,7435
9899,7435
7770,7210
7775,7210
8125,7210
8177,7210
9090,7210
8861,7210
8923,7210
9380,7210
8356,7210
9394,7210
9381,7293
9667,7293
9552,7293
9758,7293
9680,7293
9882,7293
9969,7293
9903,7293
9931,7293
9769,7293
5639,7176
5641,7176
5647,7176
5642,7176
5649,7176
5674,7176
5670,7176
5652,7176
5644,7176
5698,7176
7194,6636
7770,6636
7775,6636
7787,6636
7779,6636
9090,6636
7993,6636
9165,6636
9671,6636
9243,6636
9765,7386
9823,7386
9821,7386
9825,7386
9831,7386
9869,7386
9837,7386
9827,7386
9841,7386
9843,7386
3547,7387
3613,7387
3601,7387
3618,7387
4265,7387
4272,7387
8863,7387
3629,7387
7484,7387
8436,7387
3466,6429
3490,6429
4143,6429
4218,6429
4234,6429
4198,6429
4265,6429
4264,6429
4224,6429
4865,6429
9731,519334
9732,519334
9744,519334
9736,519334
9734,519334
9884,519334
9889,519334
9880,519334
9740,519334
9745,519334
7099,7209
7105,7209
7109,7209
7115,7209
7107,7209
7301,7209
7304,7209
7314,7209
7362,7209
7194,7209
1449,7193
1643,7193
1640,7193
1871,7193
2081,7193
2038,7193
2053,7193
3724,7193
2373,7193
3766,7193
6252,7044
6303,7044
6302,7044
6525,7044
6408,7044
6540,7044
6551,7044
6546,7044
6529,7044
6545,7044
2703,6314
2729,6314
2972,6314
2968,6314
2970,6314
3026,6314
3025,6314
2974,6314
2971,6314
2997,6314
9847,7197
9857,7197
9885,7197
9896,7197
9861,7197
9953,7197
9923,7197
9958,7197
10014,7197
9919,7197
9828,7021
9833,7021
9832,7021
10032,7021
10050,7021
10034,7021
10047,7021
10052,7021
10051,7021
10056,7021
6252,7404
6302,7404
6279,7404
6338,7404
6303,7404
6525,7404
6546,7404
6545,7404
6408,7404
6529,7404
9786,7078
9828,7078
9833,7078
9832,7078
9834,7078
9840,7078
9847,7078
9839,7078
9857,7078
9854,7078
3691,166025
3942,166025
3702,166025
4435,166025
4546,166025
3841,166025
5056,166025
4633,166025
5108,166025
5099,166025
9381,7294
9758,7294
9769,7294
9868,7294
9872,7294
9931,7294
9815,7294
9969,7294
9882,7294
9903,7294
7099,7328
7105,7328
7115,7328
7107,7328
7124,7328
7201,7328
7198,7328
7194,7328
7314,7328
7301,7328
7974,7448
7999,7448
9726,7448
8017,7448
9723,7448
9747,7448
9757,7448
8146,7448
9733,7448
9741,7448
7099,519335
7107,519335
7105,519335
7115,519335
7314,519335
7301,519335
7194,519335
7360,519335
7326,519335
7362,519335
7099,6637
7105,6637
7109,6637
7115,6637
7107,6637
7198,6637
7199,6637
7301,6637
7314,6637
7194,6637
9731,7292
9732,7292
9736,7292
9748,7292
9738,7292
9753,7292
9756,7292
9828,7292
9818,7292
9810,7292
1787,7233
1805,7233
1949,7233
1863,7233
1987,7233
2105,7233
1965,7233
2038,7233
1992,7233
2059,7233
6252,7045
6303,7045
6302,7045
6525,7045
6408,7045
6540,7045
6551,7045
6546,7045
6529,7045
6545,7045
7938,7094
7955,7094
7961,7094
7966,7094
9113,7094
8513,7094
9107,7094
9226,7094
8015,7094
9240,7094
9291,6896
9747,6896
9382,6896
9892,6896
9751,6896
9427,6896
9902,6896
9911,6896
9969,6896
9900,6896
7770,7088
7775,7088
7771,7088
8125,7088
8356,7088
8800,7088
8861,7088
8630,7088
8829,7088
8817,7088
2703,6315
2729,6315
2968,6315
2730,6315
2732,6315
3026,6315
3025,6315
2970,6315
2733,6315
2972,6315
6113,7147
6201,7147
9477,7147
6265,7147
6273,7147
9653,7147
9625,7147
9473,7147
9480,7147
9479,7147
7099,7198
7105,7198
7115,7198
7107,7198
7194,7198
7314,7198
7304,7198
7301,7198
7109,7198
7362,7198
7099,7079
7105,7079
7109,7079
7115,7079
7107,7079
7301,7079
7304,7079
7314,7079
7362,7079
7194,7079
7099,7022
7105,7022
7107,7022
7115,7022
7124,7022
7194,7022
7198,7022
7201,7022
7301,7022
7314,7022
7099,7446
7105,7446
7115,7446
7107,7446
7124,7446
7201,7446
7198,7446
7194,7446
7314,7446
7301,7446
7829,7057
7842,7057
7938,7057
7856,7057
7851,7057
8020,7057
8513,7057
7955,7057
8015,7057
7896,7057
3256,7146
3810,7146
3909,7146
4065,7146
3862,7146
4063,7146
4445,7146
4172,7146
4076,7146
4153,7146
2703,6573
2729,6573
2972,6573
2968,6573
2970,6573
3026,6573
3025,6573
2974,6573
2971,6573
2997,6573
9026,7521
9031,7521
9507,7521
9508,7521
9032,7521
9552,7521
9588,7521
9590,7521
9617,7521
9545,7521
1216,6401
1222,6401
1235,6401
1228,6401
1246,6401
2025,6401
2040,6401
1999,6401
2083,6401
2082,6401
7220,6897
7332,6897
7362,6897
7343,6897
7337,6897
7931,6897
7928,6897
7980,6897
7909,6897
7612,6897
6252,7405
6302,7405
6279,7405
6331,7405
6303,7405
6525,7405
6546,7405
6545,7405
6408,7405
6529,7405
7099,7095
7105,7095
7109,7095
7115,7095
7107,7095
7198,7095
7199,7095
7301,7095
7314,7095
7194,7095
7974,6786
8017,6786
7999,6786
8146,6786
9595,6786
9728,6786
9638,6786
9550,6786
9723,6786
9726,6786
9753,6345
9763,6345
9770,6345
9818,6345
9828,6345
9947,6345
9786,6345
9832,6345
9833,6345
10075,6345
7099,7148
7105,7148
7107,7148
7115,7148
7124,7148
7194,7148
7198,7148
7201,7148
7301,7148
7314,7148
7578,7358
7591,7358
7583,7358
7599,7358
8642,7358
7659,7358
7605,7358
8067,7358
9263,7358
9362,7358
5687,6509
5697,6509
5730,6509
5726,6509
5720,6509
6747,6509
6741,6509
6740,6509
5729,6509
5734,6509
6252,7397
6302,7397
6279,7397
6331,7397
6303,7397
6525,7397
6546,7397
6545,7397
6408,7397
6529,7397
62,7063
65,7063
64,7063
68,7063
66,7063
84,7063
74,7063
75,7063
77,7063
71,7063
6067,6839
8480,6839
8546,6839
8496,6839
8531,6839
8624,6839
8630,6839
8694,6839
8564,6839
8605,6839
7816,7522
7936,7522
7837,7522
8010,7522
8991,7522
8940,7522
8924,7522
9031,7522
9026,7522
9032,7522
2703,6574
2729,6574
2972,6574
2968,6574
2970,6574
3026,6574
3025,6574
2974,6574
2971,6574
2997,6574
7164,7058
7168,7058
7186,7058
7191,7058
7200,7058
7208,7058
7210,7058
7247,7058
7477,7058
8451,7058
7605,5497
7610,5497
7623,5497
7626,5497
7611,5497
8623,5497
8631,5497
8636,5497
9640,5497
7638,5497
7099,7199
7124,7199
7129,7199
7766,7199
7125,7199
7775,7199
9090,7199
9243,7199
9375,7199
7770,7199
3724,6402
3754,6402
3725,6402
3780,6402
3766,6402
3749,6402
3793,6402
4603,6402
3783,6402
3795,6402
7974,6787
8017,6787
7999,6787
8146,6787
9595,6787
9728,6787
9638,6787
9550,6787
9723,6787
9726,6787
9818,7169
9833,7169
9834,7169
9844,7169
9845,7169
9854,7169
9847,7169
9857,7169
9885,7169
9896,7169
1949,7385
1987,7385
1965,7385
1992,7385
2059,7385
2105,7385
9903,7385
2038,7385
9758,7385
9769,7385
9381,7271
9552,7271
9758,7271
9667,7271
9680,7271
9903,7271
9882,7271
9769,7271
9815,7271
9931,7271
8015,7427
8130,7427
8112,7427
8148,7427
9240,7427
9107,7427
8151,7427
9226,7427
9880,7427
9899,7427
7099,6510
7766,6510
7776,6510
7770,6510
7775,6510
9090,6510
9165,6510
9243,6510
7993,6510
8125,6510
6252,6809
6302,6809
6279,6809
6331,6809
6303,6809
6525,6809
6546,6809
6545,6809
6408,6809
6529,6809
7362,7359
7369,7359
7770,7359
7794,7359
8125,7359
8480,7359
7775,7359
8463,7359
7993,7359
8496,7359
8015,6994
8020,6994
8513,6994
8112,6994
9226,6994
9107,6994
9899,6994
9113,6994
9240,6994
9880,6994
9799,7165
9810,7165
9828,7165
10047,7165
9818,7165
10052,7165
10051,7165
10056,7165
10070,7165
10050,7165
9731,7302
9736,7302
9732,7302
9740,7302
9756,7302
9748,7302
9753,7302
9766,7302
9782,7302
9770,7302
2703,6969
2707,6969
2968,6969
2729,6969
2730,6969
2974,6969
2972,6969
2970,6969
2732,6969
2971,6969
6252,6658
6303,6658
6302,6658
6525,6658
6408,6658
6540,6658
6558,6658
6546,6658
6529,6658
6545,6658
7099,7200
7124,7200
7154,7200
7125,7200
7194,7200
7314,7200
7199,7200
7198,7200
7129,7200
7362,7200
5639,3275
5674,3275
5698,3275
5677,3275
5678,3275
5719,3275
5738,3275
5700,3275
5686,3275
5701,3275
7030,6840
7090,6840
7070,6840
9165,6840
9651,6840
9671,6840
9713,6840
9652,6840
9712,6840
9676,6840
2970,6615
2971,6615
2972,6615
2974,6615
2997,6615
3026,6615
3025,6615
9752,6615
9711,6615
9739,6615
8112,7023
8130,7023
8394,7023
9107,7023
8513,7023
9226,7023
9113,7023
9240,7023
9899,7023
9880,7023
7993,6549
8125,6549
8126,6549
8216,6549
8201,6549
8408,6549
8239,6549
8463,6549
8564,6549
8480,6549
7770,6944
7775,6944
8785,6944
8630,6944
8795,6944
8861,6944
8817,6944
8884,6944
8800,6944
8923,6944
7974,6931
7999,6931
9725,6931
8017,6931
9723,6931
9741,6931
9747,6931
8146,6931
9726,6931
9733,6931
2968,6879
2970,6879
2972,6879
9129,6879
2971,6879
2974,6879
9752,6879
9711,6879
9739,6879
9550,6879
7474,6500
7735,6500
7475,6500
8857,6500
9242,6500
7600,6500
9245,6500
8860,6500
9248,6500
9261,6500
7194,6734
7770,6734
7775,6734
7787,6734
7779,6734
9090,6734
7993,6734
9165,6734
9671,6734
9243,6734
6252,2063
6267,2063
6303,2063
6268,2063
6302,2063
6529,2063
6545,2063
6408,2063
6525,2063
6546,2063
8015,488
8016,488
8112,488
8394,488
9880,488
9226,488
9240,488
9899,488
9107,488
10017,488
5639,6899
5641,6899
5652,6899
5642,6899
5644,6899
5700,6899
5738,6899
5686,6899
5649,6899
5698,6899
6252,6810
6302,6810
6279,6810
6331,6810
6303,6810
6525,6810
6546,6810
6545,6810
6408,6810
6529,6810
7099,7166
7105,7166
7115,7166
7107,7166
7124,7166
7201,7166
7198,7166
7194,7166
7314,7166
7301,7166
7099,4960
7124,4960
7154,4960
7125,4960
7194,4960
7301,4960
7199,4960
7198,4960
7129,4960
7314,4960
8260,6781
9764,6781
9779,6781
9765,6781
9942,6781
9920,6781
10019,6781
9985,6781
9957,6781
9996,6781
2703,6976
2707,6976
2968,6976
2729,6976
2730,6976
2974,6976
2972,6976
2970,6976
2732,6976
2971,6976
9757,6682
9766,6682
9765,6682
9821,6682
9779,6682
9780,6682
9782,6682
9869,6682
9891,6682
9823,6682
2970,161913
2971,161913
2972,161913
2974,161913
2997,161913
3026,161913
3025,161913
9752,161913
9711,161913
9739,161913
9818,7097
9840,7097
9828,7097
9845,7097
9847,7097
9833,7097
9857,7097
9854,7097
9896,7097
9885,7097
7787,7309
7953,7309
9380,7309
8406,7309
9384,7309
9406,7309
9394,7309
9408,7309
9386,7309
9671,7309
9757,6604
9765,6604
9764,6604
9779,6604
9782,6604
9821,6604
9869,6604
9784,6604
9831,6604
9827,6604
6652,6948
6703,6948
6654,6948
7770,6948
7775,6948
9671,6948
6666,6948
9090,6948
9696,6948
9672,6948
5639,6501
5649,6501
5678,6501
5652,6501
5674,6501
5698,6501
5738,6501
5686,6501
5677,6501
5695,6501
2105,6982
7484,6982
8483,6982
9552,6982
8436,6982
9381,6982
10027,6982
9872,6982
9667,6982
9680,6982
6252,7191
6302,7191
6279,7191
6331,7191
6303,7191
6525,7191
6546,7191
6545,7191
6408,7191
6529,7191
6898,6965
7421,6965
6902,6965
7444,6965
8120,6965
9353,6965
9473,6965
9352,6965
9464,6965
9357,6965
7099,6735
7105,6735
7109,6735
7115,6735
7107,6735
7301,6735
7304,6735
7314,6735
7362,6735
7194,6735
515,6364
553,6364
531,6364
936,6364
1306,6364
1309,6364
552,6364
1290,6364
1813,6364
1901,6364
2703,6768
2707,6768
2968,6768
2729,6768
2730,6768
2974,6768
2972,6768
2970,6768
2732,6768
2971,6768
1819,7111
1867,7111
1855,7111
2123,7111
1883,7111
1928,7111
1908,7111
8510,7111
2132,7111
2309,7111
2730,6168
2765,6168
2757,6168
3300,6168
3001,6168
3217,6168
3211,6168
3432,6168
3354,6168
3422,6168
6898,6870
6902,6870
6903,6870
6907,6870
6911,6870
6934,6870
6992,6870
7034,6870
7421,6870
7661,6870
2972,6822
2974,6822
3025,6822
9129,6822
2997,6822
3026,6822
9772,6822
9711,6822
9752,6822
9595,6822
7974,7096
7999,7096
9726,7096
8017,7096
9723,7096
9747,7096
9757,7096
8146,7096
9733,7096
9741,7096
7974,6605
7999,6605
9725,6605
8017,6605
9723,6605
9741,6605
9747,6605
8146,6605
9726,6605
9733,6605
5104,6179
5111,6179
5409,6179
5161,6179
5189,6179
5475,6179
5500,6179
5193,6179
5472,6179
5466,6179
2823,6533
9711,6533
2830,6533
9752,6533
9739,6533
9978,6533
9863,6533
9927,6533
9772,6533
9926,6533
9839,6955
9840,6955
9854,6955
9904,6955
9898,6955
10032,6955
9857,6955
9953,6955
10047,6955
10014,6955
8120,6966
8177,6966
8572,6966
8578,6966
9064,6966
8950,6966
8954,6966
9464,6966
8611,6966
9473,6966
8112,3696
8513,3696
8523,3696
8573,3696
8615,3696
8534,3696
9899,3696
9107,3696
9226,3696
10051,3696
515,6365
531,6365
1319,6365
1290,6365
1306,6365
1813,6365
1484,6365
1901,6365
1343,6365
1481,6365
2105,6983
7484,6983
8483,6983
9552,6983
8436,6983
9381,6983
10027,6983
9872,6983
9667,6983
9680,6983
9107,6765
9226,6765
9113,6765
9240,6765
9709,6765
9880,6765
10051,6765
9899,6765
9731,6765
10017,6765
3392,6942
3412,6942
3413,6942
3457,6942
3446,6942
4435,6942
3445,6942
3491,6942
4437,6942
4392,6942
2970,6823
2971,6823
2972,6823
2974,6823
2997,6823
3026,6823
3025,6823
9752,6823
9129,6823
9711,6823
6621,6670
6648,6670
6666,6670
6652,6670
9090,6670
6703,6670
9675,6670
9671,6670
9177,6670
9672,6670
7099,6431
7775,6431
7793,6431
7787,6431
7794,6431
8356,6431
8125,6431
9090,6431
7993,6431
9243,6431
1852,6881
1918,6881
1940,6881
1942,6881
1923,6881
2023,6881
1954,6881
2783,6881
1946,6881
2598,6881
5639,6760
5649,6760
5686,6760
5652,6760
5698,6760
5717,6760
5701,6760
5700,6760
5657,6760
5738,6760
7301,7099
7360,7099
7314,7099
7362,7099
9090,7099
9671,7099
7326,7099
9165,7099
9696,7099
9672,7099
7484,6700
8436,6700
8483,6700
9552,6700
9680,6700
9381,6700
9872,6700
9815,6700
9667,6700
9882,6700
7099,6871
7105,6871
7109,6871
7115,6871
7107,6871
7301,6871
7304,6871
7314,6871
7362,6871
7194,6871
8923,6961
8934,6961
8981,6961
8953,6961
8950,6961
9253,6961
9246,6961
9664,6961
9243,6961
9028,6961
9741,6751
9764,6751
9757,6751
9765,6751
9821,6751
9869,6751
9837,6751
9827,6751
9863,6751
9843,6751
7099,7006
7105,7006
7107,7006
7115,7006
7124,7006
7194,7006
7198,7006
7201,7006
7301,7006
7314,7006
2703,6122
2707,6122
2968,6122
2729,6122
2730,6122
2974,6122
2972,6122
2970,6122
2732,6122
2971,6122
7993,7017
8125,7017
8126,7017
8216,7017
8165,7017
8408,7017
8239,7017
8463,7017
8564,7017
8480,7017
7099,6766
7124,6766
7129,6766
7136,6766
7125,6766
7198,6766
7199,6766
7314,6766
7362,6766
7194,6766
7572,6974
7583,6974
7588,6974
7594,6974
7591,6974
8623,6974
7605,6974
8631,6974
9640,6974
8636,6974
7349,6848
7858,6848
7927,6848
7867,6848
7859,6848
8047,6848
7966,6848
7960,6848
8053,6848
7961,6848
7099,6432
7766,6432
7775,6432
7770,6432
7776,6432
9090,6432
8125,6432
9165,6432
7993,6432
9243,6432
1302,6943
1306,6943
1813,6943
1816,6943
1908,6943
1928,6943
1909,6943
2123,6943
2143,6943
8510,6943
7194,6854
7770,6854
7775,6854
7779,6854
7776,6854
9090,6854
7993,6854
9177,6854
9671,6854
9243,6854
3353,6005
3508,6005
3389,6005
4739,6005
4686,6005
5010,6005
5428,6005
5299,6005
5427,6005
4762,6005
7484,6701
8436,6701
8483,6701
8863,6701
9319,6701
8771,6701
9381,6701
9367,6701
9303,6701
9552,6701
1102,6121
1115,6121
2212,6121
2210,6121
2286,6121
2486,6121
2502,6121
2351,6121
2580,6121
2579,6121
8554,6925
8559,6925
8657,6925
8565,6925
8669,6925
8742,6925
8706,6925
8703,6925
8836,6925
8835,6925
6714,6998
6725,6998
7225,6998
6783,6998
6737,6998
7477,6998
7487,6998
7311,6998
7452,6998
6805,6998
7099,7007
7105,7007
7109,7007
7115,7007
7107,7007
7301,7007
7304,7007
7314,7007
7326,7007
7194,7007
7938,6975
8015,6975
8130,6975
8132,6975
8112,6975
8513,6975
9107,6975
9226,6975
8135,6975
9113,6975
5409,6952
5411,6952
5466,6952
5472,6952
5500,6952
9872,6952
5508,6952
9882,6952
9921,6952
9931,6952
7787,6962
7793,6962
8125,6962
7794,6962
8406,6962
8326,6962
9671,6962
8329,6962
9380,6962
9384,6962
5999,6832
6001,6832
6034,6832
6007,6832
6035,6832
6052,6832
6047,6832
6042,6832
6015,6832
6067,6832
8771,6535
8924,6535
8863,6535
9303,6535
9588,6535
9319,6535
9381,6535
9552,6535
9667,6535
9680,6535
7198,6849
7775,6849
7787,6849
8125,6849
7793,6849
9090,6849
8406,6849
9170,6849
9696,6849
9671,6849
3256,6218
3323,6218
3810,6218
3909,6218
3466,6218
3815,6218
4493,6218
4472,6218
4063,6218
4445,6218
6592,7019
7194,7019
7362,7019
7201,7019
7314,7019
7519,7019
7526,7019
7421,7019
7500,7019
7770,7019
7099,6855
7194,6855
7775,6855
7770,6855
7776,6855
9090,6855
7993,6855
9165,6855
7779,6855
9375,6855
2652,6006
2653,6006
2868,6006
2885,6006
5299,6006
2872,6006
5422,6006
5338,6006
2887,6006
5427,6006
6650,6989
6661,6989
8565,6989
6718,6989
6903,6989
8703,6989
8836,6989
8568,6989
8569,6989
8973,6989
7770,6999
7775,6999
8125,6999
8356,6999
8923,6999
8861,6999
8896,6999
9090,6999
8406,6999
9177,6999
7999,6923
8028,6923
8017,6923
8260,6923
8146,6923
8317,6923
8757,6923
8638,6923
8261,6923
8502,6923
1949,6973
1987,6973
1965,6973
1992,6973
2059,6973
2105,6973
8771,6973
2038,6973
7484,6973
8436,6973
6128,6833
6232,6833
6210,6833
6839,6833
7030,6833
9676,6833
9165,6833
6865,6833
9651,6833
9652,6833
7030,7100
7070,7100
7099,7100
7105,7100
7125,7100
7194,7100
7201,7100
7362,7100
7392,7100
9165,7100
7770,7034
7775,7034
8125,7034
8177,7034
8630,7034
8356,7034
8564,7034
8639,7034
8206,7034
8659,7034
7194,7030
7199,7030
7198,7030
7770,7030
9165,7030
7993,7030
7775,7030
9090,7030
9243,7030
9671,7030
3691,6921
3702,6921
3841,6921
4015,6921
3770,6921
5108,6921
5099,6921
5121,6921
5150,6921
5056,6921
2703,5680
2707,5680
2968,5680
2729,5680
2730,5680
2974,5680
2972,5680
2970,5680
2732,5680
2971,5680
8515,6536
8771,6536
8863,6536
9381,6536
9552,6536
9815,6536
8924,6536
10027,6536
9667,6536
9680,6536
9779,160925
9920,160925
9821,160925
9935,160925
9942,160925
9985,160925
9823,160925
9957,160925
10019,160925
9996,160925
1987,6199
1992,6199
2355,6199
2038,6199
2345,6199
9667,6199
8771,6199
10027,6199
7484,6199
8436,6199
9730,7035
9732,7035
9731,7035
9740,7035
9736,7035
9839,7035
9753,7035
9834,7035
9749,7035
9833,7035
9731,7026
9736,7026
9749,7026
9759,7026
9770,7026
9753,7026
9832,7026
9786,7026
9828,7026
9833,7026
4063,6890
4065,6890
4445,6890
4493,6890
4076,6890
4446,6890
5549,6890
5444,6890
5366,6890
5434,6890
7974,6930
7999,6930
9725,6930
8017,6930
9723,6930
9741,6930
9747,6930
8146,6930
9726,6930
9733,6930
7683,6924
7772,6924
7685,6924
7792,6924
7789,6924
7999,6924
8156,6924
8146,6924
7974,6924
8017,6924
9757,7130
9763,7130
9760,7130
9765,7130
9764,7130
9823,7130
9869,7130
9827,7130
9831,7130
9821,7130
6652,6990
6654,6990
6659,6990
6703,6990
6847,6990
6666,6990
9090,6990
9671,6990
6879,6990
7770,6990
847,6887
854,6887
868,6887
875,6887
869,6887
914,6887
972,6887
2067,6887
1109,6887
1102,6887
7770,6947
8125,6947
8572,6947
8564,6947
8408,6947
8923,6947
8896,6947
8630,6947
9090,6947
8861,6947
7225,6985
7311,6985
7370,6985
7351,6985
7487,6985
7452,6985
7591,6985
7477,6985
7578,6985
7583,6985
7194,7031
7199,7031
7198,7031
7766,7031
9165,7031
7775,7031
7770,7031
9090,7031
9243,7031
9671,7031
3841,6624
4392,6624
3942,6624
4435,6624
4983,6624
9772,6624
5013,6624
4985,6624
5056,6624
5016,6624
2703,6
2729,6
2972,6
2968,6
2970,6
3026,6
3025,6
2974,6
2971,6
2997,6
7099,7027
7105,7027
7107,7027
7115,7027
7124,7027
7194,7027
7198,7027
7201,7027
7301,7027
7314,7027
500,6477
503,6477
1787,6477
535,6477
506,6477
8436,6477
9319,6477
1863,6477
538,6477
1805,6477
2730,161912
2732,161912
2968,161912
2970,161912
2971,161912
2974,161912
2972,161912
9752,161912
9711,161912
9739,161912
9883,6207
9884,6207
9916,6207
9899,6207
9892,6207
9948,6207
9984,6207
9941,6207
9943,6207
9900,6207
9847,6750
9857,6750
9885,6750
9896,6750
9861,6750
9953,6750
9923,6750
9958,6750
10014,6750
9919,6750
2703,6449
2729,6449
2968,6449
2730,6449
2732,6449
3026,6449
3025,6449
2970,6449
2733,6449
2972,6449
7387,6898
7740,6898
8023,6898
7804,6898
7961,6898
9572,6898
8135,6898
8020,6898
8106,6898
8026,6898
7099,7011
7105,7011
7107,7011
7115,7011
7124,7011
7194,7011
7198,7011
7201,7011
7301,7011
7314,7011
5639,6875
5641,6875
5647,6875
5642,6875
5649,6875
5686,6875
5674,6875
5652,6875
5644,6875
5698,6875
5639,7075
5649,7075
5674,7075
5652,7075
5677,7075
5700,7075
5698,7075
5686,7075
5657,7075
5738,7075
9844,7000
9845,7000
9864,7000
9854,7000
9847,7000
10010,7000
10012,7000
10008,7000
9857,7000
9990,7000
7974,6229
7999,6229
9725,6229
8017,6229
9723,6229
9738,6229
9741,6229
8146,6229
9726,6229
9733,6229
7030,6208
7070,6208
7099,6208
7194,6208
7072,6208
9172,6208
7105,6208
9167,6208
7201,6208
9165,6208
7194,6932
7770,6932
7779,6932
7787,6932
7775,6932
9090,6932
9165,6932
9243,6932
9671,6932
7993,6932
9731,6771
9736,6771
9732,6771
9748,6771
9738,6771
9828,6771
9756,6771
9818,6771
9753,6771
9810,6771
2972,6227
2974,6227
3025,6227
9129,6227
2997,6227
3026,6227
9772,6227
9711,6227
9752,6227
9550,6227
6661,6885
6665,6885
8332,6885
7811,6885
6718,6885
8554,6885
9059,6885
8343,6885
8349,6885
7830,6885
7612,6357
7613,6357
7683,6357
7658,6357
7625,6357
9269,6357
9220,6357
7772,6357
7671,6357
7685,6357
9129,6391
9550,6391
9765,6391
9595,6391
9757,6391
9891,6391
9869,6391
9711,6391
9772,6391
9843,6391
2703,7043
2729,7043
2968,7043
2730,7043
2732,7043
3026,7043
3025,7043
2970,7043
2733,7043
2972,7043
7314,6903
7317,6903
8817,6903
8829,6903
9464,6903
9370,6903
9372,6903
9473,6903
9353,6903
9522,6903
9757,7089
9765,7089
9764,7089
9821,7089
9779,7089
9825,7089
9863,7089
9853,7089
9823,7089
9843,7089
7974,6692
7999,6692
9725,6692
8017,6692
9723,6692
9738,6692
9741,6692
8146,6692
9726,6692
9733,6692
600,6522
626,6522
643,6522
628,6522
630,6522
979,6522
712,6522
1063,6522
647,6522
696,6522
7484,6155
8436,6155
8483,6155
8863,6155
9319,6155
8771,6155
9381,6155
9367,6155
9303,6155
9552,6155
7083,6714
7088,6714
7092,6714
7164,6714
7221,6714
7247,6714
7264,6714
7370,6714
7731,6714
7778,6714
7484,7085
8436,7085
8771,7085
9758,7085
9815,7085
9667,7085
9903,7085
9868,7085
9769,7085
9969,7085
1852,6780
1918,6780
1942,6780
1923,6780
1940,6780
2598,6780
2044,6780
1946,6780
2023,6780
2783,6780
7099,7001
7105,7001
7115,7001
7107,7001
7124,7001
7201,7001
7198,7001
7194,7001
7314,7001
7301,7001
7314,6834
7317,6834
9353,6834
9370,6834
9522,6834
9473,6834
9480,6834
9625,6834
9464,6834
9653,6834
7099,6933
7105,6933
7115,6933
7107,6933
7194,6933
7314,6933
7199,6933
7198,6933
7109,6933
7362,6933
8112,6489
8130,6489
9107,6489
8513,6489
9240,6489
9113,6489
10051,6489
9226,6489
9880,6489
9899,6489
7099,7038
7105,7038
7109,7038
7115,7038
7107,7038
7301,7038
7304,7038
7314,7038
7362,7038
7194,7038
6252,6698
6302,6698
6279,6698
6331,6698
6303,6698
6525,6698
6546,6698
6545,6698
6408,6698
6529,6698
5639,7073
5650,7073
5649,7073
5674,7073
5652,7073
5686,7073
5738,7073
5698,7073
5677,7073
5695,7073
7484,6156
8436,6156
8483,6156
8863,6156
9319,6156
8771,6156
9381,6156
9367,6156
9303,6156
9552,6156
2703,6392
2729,6392
2972,6392
2968,6392
2970,6392
3026,6392
3025,6392
2974,6392
2971,6392
2997,6392
7974,6693
7999,6693
9725,6693
8017,6693
9723,6693
9738,6693
9741,6693
8146,6693
9726,6693
9733,6693
9840,6919
9898,6919
9854,6919
9919,6919
9953,6919
10014,6919
9857,6919
9923,6919
10023,6919
10032,6919
9032,7072
9100,7072
9367,7072
9303,7072
9588,7072
10027,7072
9381,7072
9552,7072
9667,7072
9680,7072
2067,6523
2095,6523
2098,6523
2124,6523
2106,6523
2137,6523
2881,6523
2891,6523
2945,6523
2902,6523
341,6167
343,6167
367,6167
345,6167
352,6167
515,6167
507,6167
368,6167
354,6167
370,6167
7099,6490
7105,6490
7115,6490
7107,6490
7194,6490
7314,6490
7304,6490
7301,6490
7109,6490
7362,6490
7099,7020
7105,7020
7107,7020
7115,7020
7124,7020
7194,7020
7198,7020
7201,7020
7301,7020
7314,7020
7938,6826
8015,6826
8130,6826
8112,6826
8132,6826
9226,6826
9107,6826
9240,6826
8513,6826
9880,6826
197,6014
418,6014
455,6014
429,6014
419,6014
505,6014
600,6014
504,6014
453,6014
466,6014
7770,6835
7775,6835
8125,6835
8177,6835
8630,6835
8356,6835
8564,6835
8639,6835
8206,6835
8659,6835
6252,6699
6302,6699
6279,6699
6331,6699
6303,6699
6525,6699
6546,6699
6545,6699
6408,6699
6529,6699
500,7040
503,7040
1787,7040
535,7040
506,7040
8436,7040
9319,7040
1863,7040
538,7040
1805,7040
9731,6889
9736,6889
9732,6889
9748,6889
9738,6889
9828,6889
9756,6889
9818,6889
9753,6889
9810,6889
6252,6818
6303,6818
6302,6818
6525,6818
6408,6818
6540,6818
6551,6818
6546,6818
6529,6818
6545,6818
2990,6601
5028,6601
3000,6601
5041,6601
5044,6601
4779,6601
5111,6601
5072,6601
8436,6601
5133,6601
2730,6721
3001,6721
3167,6721
3180,6721
3354,6721
3300,6721
3190,6721
3422,6721
3187,6721
3432,6721
6252,6600
6303,6600
6302,6600
6525,6600
6408,6600
6540,6600
6551,6600
6546,6600
6529,6600
6545,6600
7974,6928
7999,6928
9595,6928
8017,6928
9550,6928
9726,6928
9728,6928
8146,6928
9638,6928
9723,6928
4429,7046
4434,7046
4438,7046
4435,7046
4479,7046
4486,7046
4514,7046
4482,7046
4437,7046
4544,7046
9731,6915
9732,6915
9736,6915
9748,6915
9738,6915
9753,6915
9756,6915
9818,6915
9810,6915
9799,6915
6944,6254
7392,6254
7390,6254
8852,6254
9027,6254
9146,6254
9407,6254
9137,6254
9398,6254
9262,6254
7770,5350
7775,5350
8125,5350
7787,5350
8861,5350
9177,5350
8356,5350
8896,5350
9090,5350
8923,5350
7314,6941
7770,6941
7775,6941
8564,6941
8125,6941
8800,6941
8630,6941
8813,6941
8861,6941
8817,6941
7099,7036
7124,7036
7154,7036
7125,7036
7194,7036
7314,7036
7199,7036
7198,7036
7129,7036
7362,7036
4865,6051
4896,6051
4993,6051
4907,6051
4994,6051
5104,6051
5111,6051
5011,6051
5411,6051
5409,6051
2067,6643
2137,6643
2138,6643
2740,6643
2163,6643
2744,6643
4154,6643
4158,6643
4297,6643
4280,6643
6252,6819
6303,6819
6302,6819
6525,6819
6408,6819
6540,6819
6558,6819
6546,6819
6529,6819
6545,6819
2968,7041
2970,7041
3025,7041
9752,7041
2972,7041
3026,7041
9978,7041
9926,7041
9927,7041
9772,7041
9765,6783
9769,6783
9821,6783
9827,6783
9823,6783
9837,6783
9831,6783
9869,6783
9846,6783
9843,6783
2137,6857
2145,6857
2176,6857
2150,6857
2172,6857
2730,6857
2231,6857
2153,6857
2227,6857
2228,6857
9731,6934
9736,6934
9732,6934
9748,6934
9738,6934
9818,6934
9753,6934
9810,6934
9749,6934
9756,6934
6252,6603
6303,6603
6302,6603
6525,6603
6408,6603
6540,6603
6551,6603
6546,6603
6529,6603
6545,6603
7974,6726
7999,6726
9725,6726
8017,6726
9723,6726
9738,6726
9741,6726
8146,6726
9726,6726
9733,6726
2703,5914
2729,5914
2972,5914
2968,5914
2970,5914
3026,5914
3025,5914
2974,5914
2971,5914
2997,5914
9731,6929
9736,6929
9749,6929
9759,6929
9770,6929
9753,6929
9832,6929
9786,6929
9828,6929
9833,6929
358,6270
385,6270
383,6270
500,6270
408,6270
8436,6270
1787,6270
1863,6270
506,6270
1805,6270
7099,6916
7105,6916
7115,6916
7107,6916
7124,6916
7201,6916
7198,6916
7194,6916
7109,6916
7301,6916
7683,6867
7999,6867
7685,6867
8188,6867
8017,6867
8146,6867
8183,6867
9823,6867
9291,6867
9747,6867
2137,6796
2145,6796
2176,6796
2150,6796
2153,6796
2476,6796
2474,6796
3001,6796
2325,6796
2437,6796
2067,6644
2222,6644
2297,6644
2291,6644
2346,6644
2431,6644
2436,6644
2514,6644
2428,6644
2559,6644
9765,6784
9823,6784
9821,6784
9825,6784
9831,6784
9869,6784
9835,6784
9827,6784
9836,6784
9843,6784
9757,6868
9765,6868
9764,6868
9769,6868
9766,6868
9821,6868
9892,6868
9891,6868
9779,6868
9869,6868
7770,3297
7775,3297
7878,3297
8025,3297
8216,3297
9671,3297
7993,3297
9090,3297
8125,3297
9672,3297
3025,7042
9129,7042
3026,7042
9739,7042
9711,7042
9927,7042
9772,7042
9926,7042
9752,7042
9863,7042
500,6052
503,6052
1333,6052
535,6052
506,6052
8436,6052
9319,6052
1376,6052
538,6052
1350,6052
1449,6610
1640,6610
1458,6610
1660,6610
1643,6610
1465,6610
1871,6610
3724,6610
1661,6610
1872,6610
2137,6858
2138,6858
2207,6858
2145,6858
2176,6858
3001,6858
2231,6858
2147,6858
2227,6858
2228,6858
1813,6813
1855,6813
1921,6813
1909,6813
1908,6813
2280,6813
2860,6813
2903,6813
2123,6813
1928,6813
6621,6316
6627,6316
6629,6316
6652,6316
6666,6316
6703,6316
6847,6316
6879,6316
9090,6316
9671,6316
7099,6935
7105,6935
7115,6935
7107,6935
7194,6935
7301,6935
7199,6935
7198,6935
7109,6935
7314,6935
9381,7048
9552,7048
9769,7048
9758,7048
9903,7048
10027,7048
9815,7048
9882,7048
9969,7048
9999,7048
7916,6451
7942,6451
7938,6451
7955,6451
9226,6451
8015,6451
9107,6451
9240,6451
9880,6451
9255,6451
6879,6874
7301,6874
7360,6874
7420,6874
7314,6874
8785,6874
8800,6874
9664,6874
7421,6874
9653,6874
500,6271
503,6271
1787,6271
535,6271
506,6271
8436,6271
9319,6271
1863,6271
538,6271
1805,6271
7770,5513
7775,5513
7993,5513
8125,5513
8428,5513
8356,5513
8408,5513
8463,5513
8216,5513
8564,5513
9730,7010
9732,7010
9731,7010
9753,7010
9736,7010
9749,7010
9740,7010
9839,7010
9833,7010
9834,7010
6252,6803
6303,6803
6302,6803
6525,6803
6408,6803
6540,6803
6558,6803
6546,6803
6529,6803
6545,6803
4794,6749
4796,6749
4993,6749
4966,6749
4861,6749
5044,6749
5133,6749
8436,6749
5041,6749
5028,6749
7974,7039
7999,7039
9725,7039
8017,7039
9723,7039
9741,7039
9747,7039
8146,7039
9726,7039
9733,7039
9731,6913
9734,6913
9732,6913
9736,6913
9756,6913
9748,6913
9753,6913
9766,6913
9782,6913
9770,6913
4429,6785
4434,6785
4479,6785
4435,6785
4437,6785
4519,6785
4514,6785
4482,6785
4438,6785
4486,6785
1290,1900
1299,1900
1305,1900
1306,1900
1302,1900
1855,1900
1813,1900
1901,1900
1908,1900
1382,1900
4429,6250
4479,6250
4490,6250
4482,6250
4614,6250
4618,6250
4627,6250
4617,6250
4486,6250
4630,6250
4865,501063
4896,501063
4993,501063
4907,501063
4994,501063
5104,501063
5111,501063
5011,501063
5411,501063
5409,501063
8480,6650
8492,6650
8531,6650
8605,6650
8496,6650
9587,6650
9593,6650
9651,6650
9652,6650
8624,6650
6252,6816
6302,6816
6279,6816
6331,6816
6303,6816
6525,6816
6546,6816
6545,6816
6408,6816
6529,6816
7099,6452
7124,6452
7129,6452
7136,6452
7125,6452
7198,6452
7199,6452
7314,6452
7362,6452
7194,6452
7770,6774
8125,6774
8356,6774
8177,6774
8572,6774
9177,6774
8564,6774
8630,6774
9090,6774
8861,6774
7683,6352
7685,6352
7974,6352
8146,6352
7687,6352
9821,6352
7976,6352
9779,6352
9443,6352
9764,6352
9758,7049
9767,7049
9769,7049
9815,7049
9931,7049
9903,7049
9882,7049
9969,7049
9868,7049
9999,7049
5998,6902
7164,6902
7186,6902
7191,6902
7168,6902
7208,6902
7210,6902
7247,6902
7477,6902
7200,6902
7099,5514
7105,5514
7107,5514
7115,5514
7124,5514
7194,5514
7198,5514
7201,5514
7301,5514
7314,5514
8112,6884
8394,6884
8148,6884
8405,6884
9240,6884
9107,6884
9226,6884
9880,6884
10051,6884
9899,6884
4794,6755
4796,6755
4966,6755
4799,6755
4863,6755
8436,6755
5041,6755
4861,6755
4993,6755
5028,6755
7099,6914
7105,6914
7115,6914
7107,6914
7194,6914
7314,6914
7304,6914
7301,6914
7109,6914
7362,6914
3547,6709
3613,6709
3601,6709
3618,6709
4265,6709
4272,6709
9319,6709
3629,6709
7484,6709
8436,6709
7099,6917
7105,6917
7115,6917
7107,6917
7194,6917
7314,6917
7199,6917
7198,6917
7109,6917
7362,6917
7612,6356
7657,6356
8146,6356
7683,6356
7658,6356
9269,6356
9220,6356
8261,6356
7685,6356
8260,6356
847,6556
1618,6556
1706,6556
1621,6556
1619,6556
1816,6556
2067,6556
2137,6556
1802,6556
1794,6556
2970,6281
2971,6281
2972,6281
2974,6281
2997,6281
3026,6281
3025,6281
9752,6281
9711,6281
9739,6281
6252,6817
6302,6817
6279,6817
6331,6817
6303,6817
6525,6817
6546,6817
6545,6817
6408,6817
6529,6817
9869,6228
9891,6228
9935,6228
9920,6228
9892,6228
9963,6228
9957,6228
9967,6228
9943,6228
9942,6228
9799,6776
9810,6776
9828,6776
10047,6776
9818,6776
10052,6776
10051,6776
10056,6776
10064,6776
10050,6776
1299,6527
1302,6527
1305,6527
1306,6527
1382,6527
1855,6527
1813,6527
1908,6527
1928,6527
8510,6527
7770,6613
7775,6613
7993,6613
8025,6613
8934,6613
8861,6613
8923,6613
9090,6613
8031,6613
9177,6613
9757,6938
9764,6938
9825,6938
9821,6938
9765,6938
9865,6938
9863,6938
9853,6938
9823,6938
9843,6938
9757,501069
9758,501069
9821,501069
9765,501069
9764,501069
9837,501069
9831,501069
9827,501069
9769,501069
9823,501069
6992,6841
7034,6841
7303,6841
7301,6841
7304,6841
7326,6841
7317,6841
7421,6841
7314,6841
7715,6841
515,6202
524,6202
525,6202
1290,6202
531,6202
1481,6202
1813,6202
2615,6202
2606,6202
1819,6202
4104,6013
4427,6013
4579,6013
4438,6013
4618,6013
4639,6013
4651,6013
4706,6013
4624,6013
9978,6013
3547,6710
3613,6710
3601,6710
3618,6710
4265,6710
4272,6710
9319,6710
3629,6710
7484,6710
8436,6710
7974,5970
7999,5970
9725,5970
8017,5970
9723,5970
9738,5970
9741,5970
8146,5970
9726,5970
9733,5970
2067,6557
2075,6557
2098,6557
2137,6557
2095,6557
2124,6557
2795,6557
2794,6557
2145,6557
2740,6557
847,6815
854,6815
875,6815
914,6815
922,6815
1406,6815
972,6815
1421,6815
2067,6815
2074,6815
7955,6852
8020,6852
8015,6852
8112,6852
9226,6852
9107,6852
8513,6852
9113,6852
9240,6852
9880,6852
5988,6349
6052,6349
6012,6349
6054,6349
6146,6349
6042,6349
6181,6349
6200,6349
6156,6349
6204,6349
9226,6907
9240,6907
9899,6907
9709,6907
9731,6907
10051,6907
10033,6907
10017,6907
9880,6907
10029,6907
1819,6528
1855,6528
1821,6528
2123,6528
1901,6528
1921,6528
1908,6528
8510,6528
2132,6528
2860,6528
2972,5855
2974,5855
3025,5855
9129,5855
2997,5855
3026,5855
9772,5855
9711,5855
9752,5855
9595,5855
7099,6777
7105,6777
7115,6777
7107,6777
7124,6777
7201,6777
7198,6777
7194,6777
7314,6777
7301,6777
9757,6257
9764,6257
9765,6257
9823,6257
9821,6257
9827,6257
9831,6257
9837,6257
9853,6257
9843,6257
7974,6939
7999,6939
9725,6939
8017,6939
9723,6939
9741,6939
9747,6939
8146,6939
9728,6939
9733,6939
5967,4954
6104,4954
6169,4954
6167,4954
6110,4954
6825,4954
6317,4954
6827,4954
6185,4954
6182,4954
9857,6745
9861,6745
9896,6745
9919,6745
9885,6745
9958,6745
9953,6745
10010,6745
10014,6745
9923,6745
7610,6481
7623,6481
7626,6481
7644,6481
7638,6481
8623,6481
7646,6481
8631,6481
9640,6481
8636,6481
2730,6720
2765,6720
2757,6720
3300,6720
3001,6720
3217,6720
3211,6720
3432,6720
3354,6720
3422,6720
8015,6383
8130,6383
8112,6383
8394,6383
9113,6383
8513,6383
9107,6383
9226,6383
9880,6383
9240,6383
8015,6793
8112,6793
8130,6793
8148,6793
9240,6793
9107,6793
9226,6793
9880,6793
8151,6793
9899,6793
5988,6350
6052,6350
6012,6350
6054,6350
6146,6350
6042,6350
6181,6350
6200,6350
6156,6350
6204,6350
7770,6908
7775,6908
7993,6908
8025,6908
8923,6908
8861,6908
8896,6908
9090,6908
8031,6908
9177,6908
9854,3532
9864,3532
9923,3532
10032,3532
10050,3532
10023,3532
10052,3532
10051,3532
10047,3532
10056,3532
7245,6936
7638,6936
7623,6936
9113,6936
8623,6936
9658,6936
9486,6936
9521,6936
9640,6936
9409,6936
6379,6631
6384,6631
6387,6631
6406,6631
6430,6631
6441,6631
6392,6631
6433,6631
6436,6631
6443,6631
9731,6850
9732,6850
9736,6850
9748,6850
9738,6850
9753,6850
9756,6850
9818,6850
9810,6850
9799,6850
7099,4955
7105,4955
7107,4955
7115,4955
7124,4955
7194,4955
7198,4955
7201,4955
7301,4955
7314,4955
7099,6746
7124,6746
7136,6746
7125,6746
7194,6746
7314,6746
7199,6746
7198,6746
7129,6746
7362,6746
2972,5856
2974,5856
3025,5856
9129,5856
2997,5856
3026,5856
9772,5856
9711,5856
9752,5856
9595,5856
7301,6384
7326,6384
7314,6384
7340,6384
9353,6384
7360,6384
7354,6384
7420,6384
9625,6384
9653,6384
7974,6712
7999,6712
9725,6712
8017,6712
9723,6712
9741,6712
9747,6712
8146,6712
9726,6712
9733,6712
7314,6626
8785,6626
8817,6626
8950,6626
8800,6626
9353,6626
9413,6626
9625,6626
8953,6626
9464,6626
7099,6794
7105,6794
7107,6794
7115,6794
7194,6794
7314,6794
7326,6794
7360,6794
7362,6794
7500,6794
7099,6672
7105,6672
7107,6672
7115,6672
7124,6672
7194,6672
7198,6672
7201,6672
7301,6672
7314,6672
7251,4632
7258,4632
7493,4632
7351,4632
7268,4632
7583,4632
7591,4632
7513,4632
7518,4632
7380,4632
7683,6351
7685,6351
7974,6351
8146,6351
7687,6351
9821,6351
7976,6351
9779,6351
9443,6351
9764,6351
5639,6632
5641,6632
5649,6632
5642,6632
5644,6632
5674,6632
5698,6632
5652,6632
5647,6632
5670,6632
7770,6865
8125,6865
8420,6865
8630,6865
8408,6865
8564,6865
9090,6865
8800,6865
8861,6865
8785,6865
7099,6837
7124,6837
7129,6837
7154,6837
7125,6837
7198,6837
7199,6837
7314,6837
7362,6837
7194,6837
5967,6851
6070,6851
6108,6851
6104,6851
6109,6851
6825,6851
6167,6851
6827,6851
6110,6851
6866,6851
7099,3533
7105,3533
7115,3533
7107,3533
7124,3533
7301,3533
7198,3533
7194,3533
7326,3533
7314,3533
7974,6713
7999,6713
9725,6713
8017,6713
9723,6713
9741,6713
9747,6713
8146,6713
9726,6713
9733,6713
7974,6614
7999,6614
9595,6614
8017,6614
9550,6614
9726,6614
9728,6614
8146,6614
9638,6614
9723,6614
7301,6627
7304,6627
7500,6627
7362,6627
7787,6627
7770,6627
9671,6627
7775,6627
7993,6627
9090,6627
7314,6797
7317,6797
8817,6797
8829,6797
9464,6797
9370,6797
9372,6797
9473,6797
9353,6797
9522,6797
7770,6673
7775,6673
8125,6673
7778,6673
8408,6673
8630,6673
8356,6673
8420,6673
8564,6673
8463,6673
9731,6665
9732,6665
9736,6665
9748,6665
9738,6665
9753,6665
9756,6665
9828,6665
9818,6665
9810,6665
6666,6893
7775,6893
9122,6893
7787,6893
9090,6893
9671,6893
9672,6893
8861,6893
9127,6893
9177,6893
2972,6736
2974,6736
3025,6736
9129,6736
2997,6736
3026,6736
9772,6736
9711,6736
9752,6736
9550,6736
8036,6152
8513,6152
8112,6152
9107,6152
9880,6152
9226,6152
9113,6152
9240,6152
9899,6152
10051,6152
9758,6906
9769,6906
9815,6906
9868,6906
9931,6906
9903,6906
9882,6906
9939,6906
9872,6906
9999,6906
7770,6824
7775,6824
8125,6824
7794,6824
7855,6824
8637,6824
8630,6824
8564,6824
7993,6824
8572,6824
7099,6764
7105,6764
7115,6764
7107,6764
7194,6764
7301,6764
7199,6764
7198,6764
7109,6764
7314,6764
9764,6937
9766,6937
9765,6937
9821,6937
9779,6937
9825,6937
9922,6937
9920,6937
9823,6937
9827,6937
7974,501311
7999,501311
9595,501311
8017,501311
9550,501311
9726,501311
9728,501311
8146,501311
9638,501311
9723,501311
6666,6798
6703,6798
8884,6798
7775,6798
7787,6798
9671,6798
9177,6798
8861,6798
9090,6798
8886,6798
7099,6666
7105,6666
7115,6666
7107,6666
7124,6666
7201,6666
7198,6666
7194,6666
7314,6666
7301,6666
8623,6804
8738,6804
8737,6804
9113,6804
9486,6804
9119,6804
9409,6804
9521,6804
9640,6804
9532,6804
7829,6773
7842,6773
7938,6773
7851,6773
7850,6773
8112,6773
8513,6773
8015,6773
8020,6773
7896,6773
6252,6912
6302,6912
6279,6912
6331,6912
6303,6912
6525,6912
6546,6912
6545,6912
6408,6912
6529,6912
7099,6153
7105,6153
7115,6153
7107,6153
7194,6153
7314,6153
7304,6153
7301,6153
7109,6153
7362,6153
8015,6544
8112,6544
8148,6544
8130,6544
8151,6544
9240,6544
9226,6544
9880,6544
9107,6544
9899,6544
1871,6526
3783,6526
3724,6526
3807,6526
3814,6526
3823,6526
3725,6526
3812,6526
4248,6526
4254,6526
6654,6825
6803,6825
6665,6825
6820,6825
6852,6825
8962,6825
9271,6825
8950,6825
9270,6825
8973,6825
7623,6799
7646,6799
8737,6799
7955,6799
7942,6799
9143,6799
9142,6799
9113,6799
9486,6799
9141,6799
5773,6805
5774,6805
5779,6805
5777,6805
5780,6805
5842,6805
5788,6805
5786,6805
5851,6805
5847,6805
8020,6358
8579,6358
8106,6358
8596,6358
8600,6358
8682,6358
8847,6358
8655,6358
8846,6358
8692,6358
6621,6901
6627,6901
6628,6901
7314,6901
7326,6901
7770,6901
7775,6901
8125,6901
8356,6901
8408,6901
2703,3822
2729,3822
2972,3822
2968,3822
2970,3822
3026,3822
3025,3822
2974,3822
2971,3822
2997,3822
6661,6789
6718,6789
7602,6789
7731,6789
7811,6789
7747,6789
7771,6789
7830,6789
7736,6789
7985,6789
9757,6593
9764,6593
9823,6593
9765,6593
9843,6593
9863,6593
9855,6593
9853,6593
9821,6593
9865,6593
5639,6359
5641,6359
5652,6359
5642,6359
5644,6359
5700,6359
5738,6359
5686,6359
5649,6359
5698,6359
9731,6827
9736,6827
9732,6827
9738,6827
9753,6827
9748,6827
9749,6827
9810,6827
9799,6827
9818,6827
2885,6814
2924,6814
4686,6814
4762,6814
4739,6814
4763,6814
4916,6814
4989,6814
5485,6814
5299,6814
5939,6800
5947,6800
6203,6800
6265,6800
6201,6800
6371,6800
6458,6800
7301,6800
7314,6800
6273,6800
2703,3823
2729,3823
2972,3823
2968,3823
2970,3823
3026,3823
3025,3823
2974,3823
2971,3823
2997,3823
9757,6594
9764,6594
9823,6594
9766,6594
9765,6594
9865,6594
9863,6594
9853,6594
9821,6594
9843,6594
5639,6790
5641,6790
5647,6790
5642,6790
5649,6790
5674,6790
5670,6790
5652,6790
5644,6790
5698,6790
2703,501064
2729,501064
2972,501064
2968,501064
2970,501064
3026,501064
3025,501064
2974,501064
2971,501064
2997,501064
